[
  {
    "Id": 1,
    "Name": "Programing",
    "Class": "IT0602",
    "Major": "Technology Information",
    "Lecturer": "Dinh Van Dong"
  },
  {
    "Id": 2,
    "Name": "Netwwoking",
    "Class": "IT0602",
    "Major": "Technology Information",
    "Lecturer": "Do Quoc Binh"
  },
  {
    "Id": 3,
    "Name": "Security",
    "Class": "IT0602",
    "Major": "Technology Information",
    "Lecturer": "Do Quoc Binh"
  },
  {
    "Id": 4,
    "Name": "Database",
    "Class": "IT0602",
    "Major": "Technology Information",
    "Lecturer": "Dinh Van Dong"
  },
  {
    "Id": 5,
    "Name": "Microsoft",
    "Class": "IT0602",
    "Major": "Technology Information",
    "Lecturer": "Nguyen Thanh Trieu"
  }
]